{
  "group_name": "G2",
  "anchor_id": "obj_9",
  "convention": "single_rigid_xform",
  "transform_note": "world = M_anchor @ canonical  (uniform per island).  M_anchor = Translate(anchor_world_origin) @ Euler(anchor_world_rotation_euler).  Scale is NOT part of the rigid xform; each object's scale is preserved as-is.",
  "anchor_world_origin": [
    -0.28380000591278076,
    5.695776462554932,
    0.2836679518222809
  ],
  "anchor_world_rotation_euler": [
    -0.01312874723225832,
    0.0018717859638854861,
    0.0
  ],
  "M_anchor_4x4": [
    [
      0.9999982714653015,
      -2.457348455209285e-05,
      0.0018716235645115376,
      -0.28380000591278076
    ],
    [
      0.0,
      0.9999138116836548,
      0.0131283700466156,
      5.695776462554932
    ],
    [
      -0.0018717849161475897,
      -0.013128346763551235,
      0.9999120831489563,
      0.2836679518222809
    ],
    [
      0.0,
      0.0,
      0.0,
      1.0
    ]
  ],
  "M_inv_4x4": [
    [
      0.9999982714653015,
      -0.0,
      -0.0018717847997322679,
      0.28433048725128174
    ],
    [
      -2.457348455209285e-05,
      0.9999138712882996,
      -0.01312834769487381,
      -5.691568374633789
    ],
    [
      0.0018716235645115376,
      0.0131283700466156,
      0.9999120831489563,
      -0.3578881323337555
    ],
    [
      -0.0,
      0.0,
      -0.0,
      1.0
    ]
  ],
  "members": {
    "obj_12": {
      "world_location": [
        0.38449999690055847,
        5.794587135314941,
        0.2582872807979584
      ],
      "world_rotation_euler": [
        -0.005807034205645323,
        0.0026997849345207214,
        0.0
      ],
      "world_scale": [
        0.7058873772621155,
        0.7058873772621155,
        0.7058873772621155
      ],
      "canonical_location": [
        0.6683463454246521,
        0.09911917895078659,
        -0.02283043973147869
      ],
      "canonical_rotation_euler": [
        0.0073217167519032955,
        0.0008279276662506163,
        1.0870282494579442e-05
      ],
      "canonical_scale": [
        0.7058873772621155,
        0.7058873772621155,
        0.7058873772621155
      ],
      "is_anchor": false
    },
    "obj_9": {
      "world_location": [
        -0.28380000591278076,
        5.695776462554932,
        0.2836679518222809
      ],
      "world_rotation_euler": [
        -0.01312874723225832,
        0.0018717859638854861,
        0.0
      ],
      "world_scale": [
        1.2870895862579346,
        1.2870895862579346,
        1.2870895862579346
      ],
      "canonical_location": [
        -7.159542292356491e-09,
        3.0498677006107755e-07,
        -2.9802322387695312e-08
      ],
      "canonical_rotation_euler": [
        -3.575060247840156e-10,
        -0.0,
        0.0
      ],
      "canonical_scale": [
        1.2870895862579346,
        1.2870895862579346,
        1.2870895862579346
      ],
      "is_anchor": true
    }
  },
  "island_blend": "/home/kimj0010/3dscene/SceneConductor/tmp/release-check/SceneConductor/scenes/bedroom_b1/relation_groups/G2/island.blend",
  "edge_type": "mounted_on_same_wall",
  "name": "Back Wall Windows",
  "evidence": "obj_9 (window, loc Y=5.15) and obj_12 (window, loc Y=5.33) are both located near the back wall (Y~6.10), both have minimal depth (0.264m, 0.064m), both are attached_to=wall per object_state.json. The image shows two windows side-by-side on the back wall of the bedroom. They share a collision (vol=0.252), which is consistent with being co-planar on the same wall."
}