{
  "group_name": "G3",
  "anchor_id": "obj_8",
  "convention": "single_rigid_xform",
  "transform_note": "world = M_anchor @ canonical  (uniform per island).  M_anchor = Translate(anchor_world_origin) @ Euler(anchor_world_rotation_euler).  Scale is NOT part of the rigid xform; each object's scale is preserved as-is.",
  "anchor_world_origin": [
    -1.0640801191329956,
    4.554316997528076,
    -1.3105913400650024
  ],
  "anchor_world_rotation_euler": [
    -0.008135313168168068,
    0.0007156166830100119,
    0.3292091488838196
  ],
  "M_anchor_4x4": [
    [
      0.9462980628013611,
      -0.32328957319259644,
      -0.0019529105629771948,
      -1.0640801191329956
    ],
    [
      0.32329466938972473,
      0.9462651014328003,
      0.007929695770144463,
      4.554316997528076
    ],
    [
      -0.000715616624802351,
      -0.008135220967233181,
      0.9999666810035706,
      -1.3105913400650024
    ],
    [
      0.0,
      0.0,
      0.0,
      1.0
    ]
  ],
  "M_inv_4x4": [
    [
      0.9462980628013611,
      0.3232946991920471,
      -0.0007156167412176728,
      -0.466387540102005
    ],
    [
      -0.32328957319259644,
      0.9462651610374451,
      -0.008135221898555756,
      -4.664259433746338
    ],
    [
      -0.0019529105629771948,
      0.007929695770144463,
      0.9999666213989258,
      1.272355318069458
    ],
    [
      -0.0,
      0.0,
      -0.0,
      1.0
    ]
  ],
  "members": {
    "obj_1": {
      "world_location": [
        -1.2790378332138062,
        4.528262138366699,
        -0.6601290702819824
      ],
      "world_rotation_euler": [
        -0.009324058890342712,
        -0.0007816603756509721,
        -0.7688084840774536
      ],
      "world_scale": [
        0.3265089988708496,
        0.3265089988708496,
        0.3265089988708496
      ],
      "canonical_location": [
        -0.21230298280715942,
        0.03954736143350601,
        0.6506538987159729
      ],
      "canonical_rotation_euler": [
        -0.004982395097613335,
        0.006135390605777502,
        -1.0980089902877808
      ],
      "canonical_scale": [
        0.3265089988708496,
        0.3265089988708496,
        0.3265089988708496
      ],
      "is_anchor": false
    },
    "obj_8": {
      "world_location": [
        -1.0640801191329956,
        4.554316997528076,
        -1.3105913400650024
      ],
      "world_rotation_euler": [
        -0.008135313168168068,
        0.0007156166830100119,
        0.3292091488838196
      ],
      "world_scale": [
        0.3162238299846649,
        0.3162238299846649,
        0.3162238299846649
      ],
      "canonical_location": [
        3.183959051966667e-08,
        -1.8719583749771118e-07,
        1.310836523771286e-07
      ],
      "canonical_rotation_euler": [
        8.731149137020111e-10,
        -1.1641532182693481e-10,
        1.0247276804875582e-08
      ],
      "canonical_scale": [
        0.3162238299846649,
        0.3162238299846649,
        0.3162238299846649
      ],
      "is_anchor": true
    }
  },
  "island_blend": "/home/kimj0010/3dscene/SceneConductor/tmp/release-check/SceneConductor/scenes/bedroom_b1/relation_groups/G3/island.blend",
  "edge_type": "on_top_of",
  "name": "Lamp on Left Nightstand",
  "evidence": "obj_1 (table lamp) is confirmed on top of obj_8 (nightstand) by object_state.json stacking entry {base: obj_8, top: [obj_1]}. obj_1 Z=-0.548 is above obj_8 Z=-1.305 (obj_8 height=0.632 so top at -1.305+0.316=-0.989). The lamp appears visually on the left nightstand in the reference image."
}