{
  "hull_xy": [
    [
      1.3959148029469937,
      3.0777487097209897
    ],
    [
      1.7495716796210954,
      5.116361475212386
    ],
    [
      1.746287064197679,
      5.144148550240098
    ],
    [
      1.7109004513135346,
      5.305761361266029
    ],
    [
      1.6250060073831576,
      5.507313671617213
    ],
    [
      1.6111051113812709,
      5.537845700050988
    ],
    [
      1.6046901714125028,
      5.546858186294621
    ],
    [
      1.578014584133311,
      5.568874307741549
    ],
    [
      1.574368928055223,
      5.571042925375394
    ],
    [
      0.8820530282749046,
      5.720997172599004
    ],
    [
      -1.542685461512035,
      4.856694567935365
    ],
    [
      -1.7708101750425773,
      4.5723551014731685
    ],
    [
      -1.7713571955479621,
      4.567705961261206
    ],
    [
      -1.7733511084337217,
      4.54859857892167
    ],
    [
      -1.5340515347640025,
      3.8579244833470336
    ],
    [
      -1.5238895814787874,
      3.8298017663168853
    ],
    [
      -1.304929343467305,
      3.2367090552595745
    ],
    [
      -0.1,
      1.2246467991473533e-17
    ],
    [
      -0.07071067811865477,
      -0.07071067811865475
    ],
    [
      -1.8369701987210297e-17,
      -0.1
    ],
    [
      0.07071067811865474,
      -0.07071067811865477
    ]
  ],
  "n_verts": 21,
  "area_m2": 11.570149890616046,
  "bbox_xy": [
    [
      -1.7733511084337217,
      -0.1
    ],
    [
      1.7495716796210954,
      5.720997172599004
    ]
  ],
  "extent_x": 3.5229227880548173,
  "extent_y": 5.820997172599004,
  "camera_xy": [
    0.0,
    0.0
  ],
  "source_counts": {
    "pointmap_pts": 10000,
    "n_objects": 10,
    "camera_disk_pts": 8
  },
  "note": "CCW-ordered convex hull of (pointmap \u222a object hulls \u222a camera disk). Reference draft \u2014 your final polygon does NOT need to enclose every vertex of this hull (pointmap can overshoot the true wall)."
}