{
  "group_name": "G4",
  "anchor_id": "obj_7",
  "convention": "single_rigid_xform",
  "transform_note": "world = M_anchor @ canonical  (uniform per island).  M_anchor = Translate(anchor_world_origin) @ Euler(anchor_world_rotation_euler).  Scale is NOT part of the rigid xform; each object's scale is preserved as-is.",
  "anchor_world_origin": [
    1.2528440952301025,
    4.546182632446289,
    -1.3363652229309082
  ],
  "anchor_world_rotation_euler": [
    -0.00536585645750165,
    0.0031924729701131582,
    0.35071104764938354
  ],
  "M_anchor_4x4": [
    [
      0.9391238689422607,
      -0.3435767889022827,
      0.0011545794550329447,
      1.2528440952301025
    ],
    [
      0.34356391429901123,
      0.9391092658042908,
      0.006136011797934771,
      4.546182632446289
    ],
    [
      -0.003192467615008354,
      -0.005365803372114897,
      0.9999805092811584,
      -1.3363652229309082
    ],
    [
      0.0,
      0.0,
      0.0,
      1.0
    ]
  ],
  "M_inv_4x4": [
    [
      0.9391238689422607,
      0.34356388449668884,
      -0.0031924673821777105,
      -2.742746353149414
    ],
    [
      -0.3435767889022827,
      0.9391092658042908,
      -0.005365803372114897,
      -3.8460845947265625
    ],
    [
      0.0011545794550329447,
      0.006136011797934771,
      0.9999805092811584,
      1.3069971799850464
    ],
    [
      -0.0,
      -0.0,
      -0.0,
      1.0
    ]
  ],
  "members": {
    "obj_13": {
      "world_location": [
        1.0140479803085327,
        4.939108371734619,
        -0.574428915977478
      ],
      "world_rotation_euler": [
        -0.034316226840019226,
        -0.03272052854299545,
        -0.8180963397026062
      ],
      "world_scale": [
        0.18098288774490356,
        0.18098288774490356,
        0.18098288774490356
      ],
      "canonical_location": [
        -0.09169656783342361,
        0.4469567537307739,
        0.7640566825866699
      ],
      "canonical_rotation_euler": [
        -0.029276765882968903,
        -0.029031049460172653,
        -1.1689715385437012
      ],
      "canonical_scale": [
        0.18098288774490356,
        0.18098288774490356,
        0.18098288774490356
      ],
      "is_anchor": false
    },
    "obj_14": {
      "world_location": [
        1.0558067560195923,
        4.891666889190674,
        -0.5795081257820129
      ],
      "world_rotation_euler": [
        -0.04269716143608093,
        -0.013070750050246716,
        -0.25517532229423523
      ],
      "world_scale": [
        0.1876140981912613,
        0.1876140981912613,
        0.1876140981912613
      ],
      "canonical_location": [
        -0.06876290589570999,
        0.388083815574646,
        0.7587346434593201
      ],
      "canonical_rotation_euler": [
        -0.03646786883473396,
        -0.01263886783272028,
        -0.6059749722480774
      ],
      "canonical_scale": [
        0.1876140981912613,
        0.1876140981912613,
        0.1876140981912613
      ],
      "is_anchor": false
    },
    "obj_7": {
      "world_location": [
        1.2528440952301025,
        4.546182632446289,
        -1.3363652229309082
      ],
      "world_rotation_euler": [
        -0.00536585645750165,
        0.0031924729701131582,
        0.35071104764938354
      ],
      "world_scale": [
        0.307427316904068,
        0.307427316904068,
        0.307427316904068
      ],
      "canonical_location": [
        -7.869675755500793e-08,
        3.832392394542694e-07,
        -1.1711381375789642e-07
      ],
      "canonical_rotation_euler": [
        3.7834979593753815e-10,
        1.1641532182693481e-10,
        2.3619577405042946e-08
      ],
      "canonical_scale": [
        0.307427316904068,
        0.307427316904068,
        0.307427316904068
      ],
      "is_anchor": true
    }
  },
  "island_blend": "/home/kimj0010/3dscene/SceneConductor/tmp/release-check/SceneConductor/scenes/bedroom_b1/relation_groups/G4/island.blend",
  "edge_type": "on_top_of",
  "name": "Bag and Book on Right Nightstand",
  "evidence": "obj_13 (bag) and obj_14 (book) are confirmed on top of obj_7 (nightstand) by object_state.json stacking entry {base: obj_7, top: [obj_13, obj_14]}. Both have Z ~ -0.76 to -0.83, obj_7 top is at -0.920+0.582/2=-0.629m, consistent with objects resting on or near the top surface. Collisions confirm proximity: obj_13<->obj_7 vol=0.008, obj_14<->obj_7 vol=0.010. Visible on right nightstand in reference image."
}